2025-11-02_20-01-48,None,draft.py:2025-11-02_20-01-48
2025-11-02_20-01-55,None,draft.py:2025-11-02_20-01-55
2025-11-02_20-02-18,None,draft.py:2025-11-02_20-02-18
2025-11-02_20-02-29,None,draft.py:2025-11-02_20-02-29
2025-11-02_20-05-17,None,draft.py:2025-11-02_20-05-17
2025-11-02_20-05-33,None,draft.py:2025-11-02_20-05-33
2025-11-02_20-06-05,None,draft.py:2025-11-02_20-06-05
2025-11-02_20-06-27,None,draft.py:2025-11-02_20-06-27
2025-11-02_20-07-20,None,draft.py:2025-11-02_20-07-20
2025-11-02_20-07-43,None,draft.py:2025-11-02_20-07-43
2025-11-02_20-07-55,None,draft.py:2025-11-02_20-07-55
2025-11-02_20-08-39,None,draft.py:2025-11-02_20-08-39
